feature,start,end,direction,length,type,Description,sequence
Rep101,5272,6223,1,9263,CDS,RepA protein needed for replication with the pSC101 origin; rep101,ATGTCTGAATTAGTTGTTTTCAAAGCAAATGAACTAGCGATTAGTCGCTATGACTTAACGGAGCATGAAACCAAGCTAATTTTATGCTGTGTGGCACTACTCAACCCCACGATTGAAAACCCTACAAGGAAAGAACGGACGGTATCGTTCACTTATAACCAATACGCTCAGATGATGAACATCAGTAGGGAAAATGCTTATGGTGTATTAGCTAAAGCAACCAGAGAGCTGATGACGAGAACTGTGGAAATCAGGAATCCTTTGGTTAAAGGCTTTGAGATTTTCCAGTGGACAAACTATGCCAAGTTCTCAAGCGAAAAATTAGAATTAGTTTTTAGTGAAGAGATATTGCCTTATCTTTTCCAGTTAAAAAAATTCATAAAATATAATCTGGAACATGTTAAGTCTTTTGAAAACAAATACTCTATGAGGATTTATGAGTGGTTATTAAAAGAACTAACACAAAAGAAAACTCACAAGGCAAATATAGAGATTAGCCTTGATGAATTTAAGTTCATGTTAATGCTTGAAAATAACTACCATGAGTTTAAAAGGCTTAACCAATGGGTTTTGAAACCAATAAGTAAAGATTTAAACACTTACAGCAATATGAAATTGGTGGTTGATAAGCGAGGCCGCCCGACTGATACGTTGATTTTCCAAGTTGAACTAGATAGACAAATGGATCTCGTAACCGAACTTGAGAACAACCAGATAAAAATGAATGGTGACAAAATACCAACAACCATTACATCAGATTCCTACCTACGTAACGGACTAAGAAAAACACTACACGATGCTTTAACTGCAAAAATTCAGCTCACCAGTTTTGAGGCAAAATTTTTGAGTGACATGCAAAGTAAGCATGATCTCAATGGTTCGTTCTCATGGCTCACGCAAAAACAACGAACCACACTAGAGAACATACTGGCTAAATACGGAAGGATCTGA
tetA,85,1273,1,9263,CDS,"TCR3_ECOLX - Experimental evidence at protein level: Swiss-Prot protein existence level 1. Resistance to tetracycline by an active tetracycline efflux. This is an energy-dependent process that decreases the accumulation of the antibiotic in whole cells. This protein functions as a metal- tetracycline/H(+) antiporter. From Escherichia coli. This protein is used as a marker in many commonly used cloning vectors, such as pBR322 and pACYC184.",ATGAAATCTAACAATGCGCTCATCGTCATCCTCGGCACCGTCACCCTGGATGCTGTAGGCATAGGCTTGGTTATGCCGGTACTGCCGGGCCTCTTGCGGGATATCGTCCATTCCGACAGCATCGCCAGTCACTATGGCGTGCTGCTAGCGCTATATGCGTTGATGCAATTTCTATGCGCACCCGTTCTCGGAGCACTGTCCGACCGCTTTGGCCGCCGCCCAGTCCTGCTCGCTTCGCTACTTGGAGCCACTATCGACTACGCGATCATGGCGACCACACCCGTCCTGTGGATCCTCTACGCCGGACGCATCGTGGCCGGCATCACCGGCGCCACAGGTGCGGTTGCTGGCGCCTATATCGCCGACATCACCGATGGGGAAGATCGGGCTCGCCACTTCGGGCTCATGAGCGCTTGTTTCGGCGTGGGTATGGTGGCAGGCCCCGTGGCCGGGGGACTGTTGGGCGCCATCTCCTTGCATGCACCATTCCTTGCGGCGGCGGTGCTCAACGGCCTCAACCTACTACTGGGCTGCTTCCTAATGCAGGAGTCGCATAAGGGAGAGCGTCGACCGATGCCCTTGAGAGCCTTCAACCCAGTCAGCTCCTTCCGGTGGGCGCGGGGCATGACTATCGTCGCCGCACTTATGACTGTCTTCTTTATCATGCAACTCGTAGGACAGGTGCCGGCAGCGCTCTGGGTCATTTTCGGCGAGGACCGCTTTCGCTGGAGCGCGACGATGATCGGCCTGTCGCTTGCGGTATTCGGAATCTTGCACGCCCTCGCTCAAGCCTTCGTCACTGGTCCCGCCACCAAACGTTTCGGCGAGAAGCAGGCCATTATCGCCGGCATGGCGGCCGACGCGCTGGGCTACGTCTTGCTGGCGTTCGCGACGCGAGGCTGGATGGCCTTCCCCATTATGATTCTTCTCGCTTCCGGCGGCATCGGGATGCCCGCGTTGCAGGCCATGCTGTCCAGGCAGGTAGATGACGACCATCAGGGACAGCTTCAAGGATCGCTCGCGGCTCTTACCAGCCTAACTTCGATCACTGGACCGCTGATCGTCACGGCGATTTATGCCGCCTCGGCGAGCACATGGAACGGGTTGGCATGGATTGTAGGCGCCGCCCTATACCTTGTCTGCCTCCCCGCGTTGCGTCGCGGTGCATGGAGCCGGGCCACCTCGACC
pSC101 ori,5002,5225,1,9263,rep_origin,low-copy replication origin that requires the Rep101 protein,GAGTTATACACAGGGCTGGGATCTATTCTTTTTATCTTTTTTTATTCTTTCTTTATTCTATAAATTATAACCACTTGAATATAAACAAAAAAAACACACAAAGGTCTAGCGGAATTTACAGAGGGTCTAGCAGAATTTACAAGTTTTCCAGCAAAGGTCTAGCAGAATTTACAGATACCCACAACTCAAAGGAAAAGGACTAGTAATTATCATTGACTAGCCC
RLX1_SALTM,2938,4051,-1,9263,CDS,Protein inferred from homology: Swiss-Prot protein existence level 3. This protein is probably required for relaxation complex formation. From Salmonella typhimurium.,ATGGCATCCTATCATCTCAGCGTAAAAACCGGCGGAAAAGGCAGTGCCTCTCCTCATGCCGATTATATTGCGCGTGAGGGAAAGTATGCCCGTGAAAAAGACTCCGACCTTGAGCACAAGGAGTCCGGCAATATGCCGGCGTGGGCAGCGCATAAACCGTCCGAGTTCTGGAAAGCCGCTGACACGTCTGAACGTGCCAACGGCTGTACCTACCGTGAAATCGAGATTGCCCTGCCGCGTGAGTTAAAACCCGAACAACGTCTTGAGCTTGTCCGCGATTTTGTCCAACAGGAAATTGGCGACCGCCATGCCTATCAGTTCGCTATCCATAATCCGAAAGCAGCGATAGCCGGTGGCGAGCAGCCCCACGCCCATATCATGTTCTCTGAACGCATTAATGACGGTATTCACCGTGACCCTGAGCAGTATTTTAAACGGGCTAACACCAAAGAGCCGGACGCGGTGGCGCAAAAAAGGCACGTTTCGGGGAAACACCGACCGAACGCAAAGAATACCTTGTTGCCCAGAGGGAGACGCTGGGCTGACCTCCAGAATAAGCACCTTGAACGGTATCAGCACGCTGACCGGGTTGATTCCCGTTCCCTGAAGGCGCAGGGCATTGACCGTGAGCCTGAGCGGCATCTGGGCGCGGGTCAGGTTCAGCGATTCGATACTGAGCAGCTACAGGCCATTCTTGAGCGCAGGGAGGCTGAAAGGCAGGTGCAGCAGTCCCGTGATGAACGTGACAGCGTAATTGACGTGACTACCTCGTTACGGGAAGCCCTCAGCGAGAGGGATACTCTGACGCTAAAACAGGAGCTGAAGTCAGAGCCTGAGCAGGAATCCCATTCCGGCAGAACGTTTGATTTTGAAAAAGAGCCTGACAAGCTGAACGCACTGGTCAGTGATGCCATGAAGGATATACAGGAAGAAATCGATCTTCAGTCCCTTGTTAACGATGCGATGGCGGAGTTCCAGGGGATACATCAGGAGATGGAAAGGCAGAGAGAGCGCGAACGTCTGGCGGAAAAACAGCGTCAGCAGGAGAAAGAACGACAGCGACTCGCCGAACAGATACGACAGAAGCCGGATAAAGGCTGGTCATTCTCACGA
tet promoter,9,38,1,9263,promoter,E. coli promoter for tetracycline efflux protein gene,TTGACAGCTTATCATCGATAAGCTTTAAT
tetR,8620,9256,-1,9263,CDS,TETR1_ECOLX - Experimental evidence at protein level: Swiss-Prot protein existence level 1. TetR is the repressor of the tetracycline resistance element; its N-terminal region forms a helix-turn-helix structure and binds DNA. Binding of tetracycline to TetR reduces the repressor affinity for the tetracycline resistance gene (tetA) promoter operator sites. From Escherichia coli.,ATGAACAAGCTCCAACGCGAGGCCGTGATCCGAACCGCGCTCGAACTGCTTAACGACGTGGGCATGGAAGGTCTAACGACGCGCCGACTGGCTGAGCGCCTCGGGGTGCAACAGCCAGCGCTCTACTGGCATTTCAAGAACAAGCGTGCGTTGCTCGACGCACTTGCCGAAGCCATGCTGACGATAAATCACACGCATTCGACGCCAAGGGATGACGACGACTGGCGTTCGTTCCTGAAGGGCAATGCATGCAGTTTTCGACGGGCGTTGCTCGCTTATCGCGATGGCGCGCGTATTCATGCCGGGACGCGGCCAGCCGCGCCGCAGATGGAAAAAGCCGACGCGCAGCTTCGCTTCCTTTGCGATGCTGGCTTTTCGGCAGGTGACGCGACCTATGCGTTGATGGCAATCAGCTACTTCACCGTCGGCGCTGTTCTTGAGCAGCAAGCTAGCGAGGCAGACGCCGAGGAGCGGGGCGAAGATCAGTTGACCACCTCAGCGTCTACGATGCCGGCGCGCCTACAGAGCGCGATGAAAATCGTCTACGAAGGCGGTCCGGACGCGGCATTCGAGCGAGGCCTGGCTCTCATCATCGGCGGTCTTGAAAAAATGAGGCTCACTACGAACGACATTGAG
RLX2_SALTM,2341,2923,-1,9263,CDS,Protein predicted: Swiss-Prot protein existence level 4. This protein is probably required for relaxation complex formation. From Salmonella typhimurium.,ATGAGCGACGAAATTAAACAAATTGCCGCCCTTATCGGGCATCATCAGGCGCTGGAAAAGCGTGTTACTTCTCTGACAGAACAGTTTCAGGCCGCCTCATCACAATTACAGCAGCAAAGTGAAACGCTGAGCAGGGTCATTCGTGAGCTGGACAGCGCGTCCGGTAATATGACTGACACCGTCAGGAAATCGGTGAGTTCCGCGCTCACTCAGGTTGAGAAAGAACTGAAACAAGCCGGATTAGCACAGCAGAAACCGGCGACAGAAGCGCTGAATCAGGCTGCCGATACGGCGAAAGCGATGATCCATGAAATGCGTCGTGAGATGTCACGCTATACGTGGAAATCCGCGATTTATCTTGTACTGACGATATTCTTCGTCCTGGCTTCCTGCGTGACGGCATTTACGTGGTTTATGAATGACGGGTATAGCCAGATTGCTGAAATGCAGAGGATGGAAGCGGTCTGGCAAAAGAAAGCCCCGCTGGCTGACATATCGCGCTGTGACGGAAAGCCCTGCGTTAAGGTGGACACTCGCACTACGTATGGTGATAAAGAGAATACCTGGATGATTATTAAGAAA
TRA2_ECOLX,6995,7913,1,9263,CDS,Protein predicted: Swiss-Prot protein existence level 4. Required for transposition of transposon Tn903. From Escherichia coli.,GCAAAGCAAAAGTTCAGAATCACCAACTGGTCCACCTACAACAAAGCTCTCATCAACCGTGGCTCCCTCACTTTCTGGCTGGATGATGAGGCGATTCAGGCCTGGTATGAGTCGGCAACACCTTCATCACGAGGAAGGCCCCAGCGCTATTCTGATCTCGCCATCACCACCGTTCTGGTGATTAAACGCGTATTCCGGCTGACCCTGCGGGCTGCGCAGGGTTTTATTGATTCCATTTTTGCCCTGATGAACGTTCCGTTGCGCTGCCCGGATTACACCAGTGTCAGTAAGCGGGCAAAGTCGGTTAATGTCAGTTTCAAAACGTCCACCCGGGGTGAAATCGCACACCTGGTGATTGATTCCACCGGGCTGAAGGTCTTTGGTGAAGGCGAATGGAAAGTCAGAAAGCACGGCAAAGAGCGCCGTCGTATCTGGCGAAAGTTGCATCTTGCTGTTGACAGCAACACACATGAAGTTGTCTGTGCAGACCTGTCGCTGAATAACGTCACGGACTCAGAAGCCTTCCCGGGCCTTATCCGGCAGACTCACAGAAAAATCAGGGCAGCCGCGGCAGACGGGGCTTACGATACCCGGCTCTGTCACGATGAACTGCGCCGCAAAAAAATCAGCGCGCTTATTCCTCCCCGAAAAGGTGCGGGTTACTGGCCCGGTGAATATGCAGACCGTAACCGTGCAGTGGCTAATCAGCGAATGACCGGGAGTAATGCGCGGTGGAAATGGACAACAGATTACAACCGTCGCTCGATAGCGGAAACGGCGATGTACCGGGTAAAACAGCTGTTCGGGGGTTCACTGACGCTGCGTGACTACGATGGTCAGGTTGCGGAGGCTATGGCCCTGGTACGAGCGCTGAACAAAATGACGAAAGCAGGTATGCCTGAAAGCGTGCGTATTGCC
resD,1783,2023,1,9263,CDS,REDM_ECOLX - Also known as D. Protein inferred from homology: Swiss-Prot protein existence level 3. This resolvase acts at the RfsF equivalent resolution sequence of pColBM-CL139. From Escherichia coli.,CTTGACTATCCGGCTGCACTAGCCCTGCGTCAGATGGCTCTGATCCAAGGCAAACTGCCAAAATATCTGCTGGCACCGGAAGTCAGCGCCCTGCACCATTATGTTCCGGATCTGCATCGCAGGATGCTGCTGGCTACCCTGTGGAACACCTACATCTGTATTAACGAAGCGCTGGCATTGACCCTGAGTGATTTTTCTCTGGTGCCGCCCTATCCCTTTGTGCAGCTTGCCACGCTCAAA
YPB1_ECOLX,1517,1643,-1,9263,CDS,Protein predicted: Swiss-Prot protein existence level 4. From Escherichia coli.,GACTTCCGCGTTTCCAGACTTTACGAAACACGGAAACCGAAGACCATTCATGTTGTTGCTCAGGTCGCAGACGTTTTGCAGCAGCAGTCGCTTCACGTTCGCTCGCGTATCGGTGATTCATTCTGC